Age Group,Percent of cases,Count of cases,Percent of US population
0-4 Years,2.1,560994,6
5-17 Years,10.3,2743071,16.3
18-29 Years,22.5,5977822,16.4
30-39 Years,16.4,4355554,13.5
40-49 Years,14.8,3945374,12.3
50-64 Years,20.3,5390498,19.2
65-74 Years,7.5,1984891,9.6
75-84 Years,3.9,1027614,4.9
85+ Years,2.2,594478,2
